ordem;url;titulo;nota;status;json;pdf
"1";"https://www.acorizal.mt.gov.br/";"";"";"Falha AMAWeb";"";""
"2";"https://camaraacorizal.mt.gov.br/";"";"";"Falha AMAWeb";"";""
"3";"https://www.consorcioaltotapajos.com.br/#/home";"CIS da Região do Alto Tapajós";"7.1";"Concluída";"amaweb_www.consorcioaltotapajos.com.br_003.json";"amaweb_www.consorcioaltotapajos.com.br_003.pdf"
"4";"https://www.altafloresta.mt.gov.br/";"Página Inicial - Prefeitura Municipal de Alta Floresta";"7.9";"Concluída";"amaweb_www.altafloresta.mt.gov.br_004.json";"amaweb_www.altafloresta.mt.gov.br_004.pdf"
"5";"https://www.altafloresta.mt.leg.br/";"Página Inicial — Câmara Municipal";"7.6";"Concluída";"amaweb_www.altafloresta.mt.leg.br_005.json";"amaweb_www.altafloresta.mt.leg.br_005.pdf"
"6";"https://altoaraguaia.mt.gov.br/";"Prefeitura Municipal de Alto Araguaia";"6.9";"Concluída";"amaweb_altoaraguaia.mt.gov.br_006.json";"amaweb_altoaraguaia.mt.gov.br_006.pdf"
"7";"https://www.altoaraguaia.mt.leg.br/";"Notícias — CÂMARA MUNICIPAL DE ALTO ARAGUAIA";"7.6";"Concluída";"amaweb_www.altoaraguaia.mt.leg.br_007.json";"amaweb_www.altoaraguaia.mt.leg.br_007.pdf"
"8";"https://www.altoboavista.mt.gov.br";"";"";"Falha AMAWeb";"";""
"9";"https://www.altogarcas.mt.gov.br/";"Página Inicial - Prefeitura de Altos Garças - MT";"8.3";"Concluída";"amaweb_www.altogarcas.mt.gov.br_009.json";"amaweb_www.altogarcas.mt.gov.br_009.pdf"
"10";"https://www.altogarcas.mt.leg.br/";"Início - Câmara Municipal de Alto Garças - MT";"7.6";"Concluída";"amaweb_www.altogarcas.mt.leg.br_010.json";"amaweb_www.altogarcas.mt.leg.br_010.pdf"
"11";"https://www.altoparaguai.mt.gov.br/";"Página Inicial - Prefeitura de Alto Paraguai - MT";"7.4";"Concluída";"amaweb_www.altoparaguai.mt.gov.br_011.json";"amaweb_www.altoparaguai.mt.gov.br_011.pdf"
"12";"https://www.camaradealtoparaguai.com.br/";"";"";"Falha AMAWeb";"";""
"13";"https://www.altotaquari.mt.gov.br/";"Prefeitura Municipal";"9.2";"Concluída";"amaweb_www.altotaquari.mt.gov.br_013.json";"amaweb_www.altotaquari.mt.gov.br_013.pdf"
"14";"https://www.altotaquari.mt.leg.br/";"Camara Municipal de Alto Taquari";"6.0";"Concluída";"amaweb_www.altotaquari.mt.leg.br_014.json";"amaweb_www.altotaquari.mt.leg.br_014.pdf"
"15";"https://www.apiacas.mt.gov.br/";"Página Inicial - Prefeitura de Apiacás Apiacás - MT";"8.1";"Concluída";"amaweb_www.apiacas.mt.gov.br_015.json";"amaweb_www.apiacas.mt.gov.br_015.pdf"
"16";"https://www.camaraapiacas.mt.gov.br/";"Página Inicial - Câmara Apiacás";"7.1";"Concluída";"amaweb_www.camaraapiacas.mt.gov.br_016.json";"amaweb_www.camaraapiacas.mt.gov.br_016.pdf"
"17";"https://www.araguaiana.mt.gov.br/";"";"";"Falha AMAWeb";"";""
"18";"https://araguaiana.mt.leg.br/";"";"";"Falha AMAWeb";"";""
"19";"https://araguainha.mt.gov.br/";"Prefeitura Municipal de Araguainha – Prefeitura Municipal de Araguainha";"8.7";"Concluída";"amaweb_araguainha.mt.gov.br_019.json";"amaweb_araguainha.mt.gov.br_019.pdf"
"20";"https://araguainha.mt.leg.br/";"";"";"Falha AMAWeb";"";""
"21";"https://araputanga.mt.gov.br/";"Prefeitura Municipal de Araputanga";"7.3";"Concluída";"amaweb_araputanga.mt.gov.br_021.json";"amaweb_araputanga.mt.gov.br_021.pdf"
"22";"https://araputanga.mt.leg.br/";"Câmara Municipal de Araputanga";"7.7";"Concluída";"amaweb_araputanga.mt.leg.br_022.json";"amaweb_araputanga.mt.leg.br_022.pdf"
"23";"https://www.arenapolis.mt.gov.br/";"Prefeitura Municipal de Arenápolis";"6.3";"Concluída";"amaweb_www.arenapolis.mt.gov.br_023.json";"amaweb_www.arenapolis.mt.gov.br_023.pdf"
"24";"https://arenapolis.mt.leg.br/";"Access denied | arenapolis.mt.leg.br used Cloudflare to restrict access | arenapolis.mt.leg.br | Cloudflare";"9.6";"Concluída";"amaweb_arenapolis.mt.leg.br_024.json";"amaweb_arenapolis.mt.leg.br_024.pdf"
"25";"https://www.aripuana.mt.gov.br/#/home";"Prefeitura Municipal de Aripuanã";"5.7";"Concluída";"amaweb_www.aripuana.mt.gov.br_025.json";"amaweb_www.aripuana.mt.gov.br_025.pdf"
"26";"https://camaraaripuanamt.com.br/index.php";"";"";"Falha AMAWeb";"";""
"27";"https://www.barradobugres.mt.gov.br/";"Prefeitura Municipal de Barra do Bugres | Gestão 2025-2028 – Site oficial da Prefeitura Municipal de Barra do Bugres";"7.6";"Concluída";"amaweb_www.barradobugres.mt.gov.br_027.json";"amaweb_www.barradobugres.mt.gov.br_027.pdf"
"28";"https://barradobugres.mt.leg.br";"Câmara Municipal de Barra do Bugres";"6.7";"Concluída";"amaweb_barradobugres.mt.leg.br_028.json";"amaweb_barradobugres.mt.leg.br_028.pdf"
"29";"https://www.cisrga.com.br/#/home";"Cisrga";"7.3";"Concluída";"amaweb_www.cisrga.com.br_029.json";"amaweb_www.cisrga.com.br_029.pdf"
"30";"https://www.barradogarcas.mt.gov.br/";"Página Inicial - Prefeitura Municipal de Barra do Garças";"7.5";"Concluída";"amaweb_www.barradogarcas.mt.gov.br_030.json";"amaweb_www.barradogarcas.mt.gov.br_030.pdf"
"31";"https://www.barradogarcas.mt.leg.br/";"Página Inicial — Câmara Municipal de Barra do Garças";"7.9";"Concluída";"amaweb_www.barradogarcas.mt.leg.br_031.json";"amaweb_www.barradogarcas.mt.leg.br_031.pdf"
"32";"https://www.baraodemelgaco.mt.gov.br/";"";"";"Falha AMAWeb";"";""
"33";"https://baraodemelgaco.mt.leg.br/";"";"";"Falha AMAWeb";"";""
"34";"https://www.boaesperancadonorte.mt.gov.br/";"Access denied | www.boaesperancadonorte.mt.gov.br used Cloudflare to restrict access | www.boaesperancadonorte.mt.gov.br | Cloudflare";"9.6";"Concluída";"amaweb_www.boaesperancadonorte.mt.gov.br_034.json";"amaweb_www.boaesperancadonorte.mt.gov.br_034.pdf"
"35";"https://www.bomjesusdoaraguaia.mt.gov.br/";"";"";"Falha AMAWeb";"";""
"36";"https://camarabomjesusdoaraguaia.mt.gov.br/";"C&#226;mara Municipal de Bom Jesus do Araguaia";"6.9";"Concluída";"amaweb_camarabomjesusdoaraguaia.mt.gov.br_036.json";"amaweb_camarabomjesusdoaraguaia.mt.gov.br_036.pdf"
"37";"https://www.brasnorte.mt.gov.br/";"Página Principal Prefeitura Municipal de Brasnorte";"6.1";"Concluída";"amaweb_www.brasnorte.mt.gov.br_037.json";"amaweb_www.brasnorte.mt.gov.br_037.pdf"
"38";"https://www.camarabrasnorte.mt.gov.br/";"Página Inicial - Câmara Municipal de Brasnorte - MT";"8.8";"Concluída";"amaweb_www.camarabrasnorte.mt.gov.br_038.json";"amaweb_www.camarabrasnorte.mt.gov.br_038.pdf"
"39";"https://www.campinapolis.mt.gov.br/#/home";"Prefeitura Municipal de Campinápolis - MT";"7.7";"Concluída";"amaweb_www.campinapolis.mt.gov.br_039.json";"amaweb_www.campinapolis.mt.gov.br_039.pdf"
"40";"https://www.campinapolis.mt.leg.br/";"Página Inicial — Câmara Municipal de Campinápolis";"8.2";"Concluída";"amaweb_www.campinapolis.mt.leg.br_040.json";"amaweb_www.campinapolis.mt.leg.br_040.pdf"
"41";"https://www.gp.srv.br/transparencia_camponovodoparecis/servlet/home_portal_v2?1";"Portal de Transparência";"7.1";"Concluída";"amaweb_www.gp.srv.br_041.json";"amaweb_www.gp.srv.br_041.pdf"
"42";"https://www.camponovodoparecis.mt.leg.br/";"Página Inicial — CÂMARA MUNICIPAL";"8.0";"Concluída";"amaweb_www.camponovodoparecis.mt.leg.br_042.json";"amaweb_www.camponovodoparecis.mt.leg.br_042.pdf"
"43";"https://campoverde.mt.gov.br/";"Página Inicial - Prefeitura de Campo Verde - MT";"8.3";"Concluída";"amaweb_campoverde.mt.gov.br_043.json";"amaweb_campoverde.mt.gov.br_043.pdf"
"44";"https://www.campoverde.mt.leg.br/";"Câmara Municipal de Campo Verde - Transparência, Legislação e Participação Cidadã";"7.1";"Concluída";"amaweb_www.campoverde.mt.leg.br_044.json";"amaweb_www.campoverde.mt.leg.br_044.pdf"
"45";"https://www.camposdejulio.mt.gov.br/";"Página Inicial - Prefeitura Municipal de Campos de Júlio";"6.6";"Concluída";"amaweb_www.camposdejulio.mt.gov.br_045.json";"amaweb_www.camposdejulio.mt.gov.br_045.pdf"
"46";"https://www.camaracamposdejulio.mt.gov.br/home";"";"";"Falha AMAWeb";"";""
"47";"https://canabravadonorte.org/";"Canabrava do Norte";"8.3";"Concluída";"amaweb_canabravadonorte.org_047.json";"amaweb_canabravadonorte.org_047.pdf"
"48";"https://canabravadonorte.mt.leg.br/";"";"";"Falha AMAWeb";"";""
"49";"https://canarana.mt.gov.br/portal/";"";"";"Falha AMAWeb";"";""
"50";"https://www.canarana.mt.leg.br/";"Página Inicial — Câmara Municipal";"8.1";"Concluída";"amaweb_www.canarana.mt.leg.br_050.json";"amaweb_www.canarana.mt.leg.br_050.pdf"
"51";"https://www.carlinda.mt.gov.br/adm/aplicativo.php";"Página Inicial - Prefeitura de Carlinda Carlinda - MT";"8.0";"Concluída";"amaweb_www.carlinda.mt.gov.br_051.json";"amaweb_www.carlinda.mt.gov.br_051.pdf"
"52";"https://www.camaracarlinda.mt.gov.br/";"· Câmara de Carlinda";"7.5";"Concluída";"amaweb_www.camaracarlinda.mt.gov.br_052.json";"amaweb_www.camaracarlinda.mt.gov.br_052.pdf"
"53";"https://www.castanheira.mt.gov.br/";"Prefeitura de Castanheira";"8.0";"Concluída";"amaweb_www.castanheira.mt.gov.br_053.json";"amaweb_www.castanheira.mt.gov.br_053.pdf"
"54";"https://www.castanheira.mt.leg.br/";"Access denied | www.castanheira.mt.leg.br used Cloudflare to restrict access | www.castanheira.mt.leg.br | Cloudflare";"9.6";"Concluída";"amaweb_www.castanheira.mt.leg.br_054.json";"amaweb_www.castanheira.mt.leg.br_054.pdf"
"55";"https://www.chapadadosguimaraes.mt.gov.br/";"Página Inicial - Prefeitura Municipal de Chapada dos Guimarães";"8.0";"Concluída";"amaweb_www.chapadadosguimaraes.mt.gov.br_055.json";"amaweb_www.chapadadosguimaraes.mt.gov.br_055.pdf"
"56";"https://www.camarachapadadosguimaraes.mt.gov.br";"";"";"Falha AMAWeb";"";""
"57";"https://www.claudia.mt.gov.br/";"Prefeitura Municipal de Cláudia – MT – uma cidade para todos";"7.8";"Concluída";"amaweb_www.claudia.mt.gov.br_057.json";"amaweb_www.claudia.mt.gov.br_057.pdf"
"58";"https://www.camaraclaudia.mt.gov.br/";"Página Inicial - Câmara Municipal de Cláudia-MT";"7.6";"Concluída";"amaweb_www.camaraclaudia.mt.gov.br_058.json";"amaweb_www.camaraclaudia.mt.gov.br_058.pdf"
"59";"https://www.cocalinho.mt.gov.br/";"";"";"Falha AMAWeb";"";""
"60";"https://cocalinho.mt.leg.br/";"Câmara Municipal de Cocalinho - MT";"8.1";"Concluída";"amaweb_cocalinho.mt.leg.br_060.json";"amaweb_cocalinho.mt.leg.br_060.pdf"
"61";"https://colniza.mt.gov.br/#/home";"Prefeitura Municipal de Colniza - MT";"7.5";"Concluída";"amaweb_colniza.mt.gov.br_061.json";"amaweb_colniza.mt.gov.br_061.pdf"
"62";"https://www.colniza.mt.leg.br/";"Página Inicial — Câmara Municipal de Colniza";"7.6";"Concluída";"amaweb_www.colniza.mt.leg.br_062.json";"amaweb_www.colniza.mt.leg.br_062.pdf"
"63";"https://cisrnm.com.br/#/home";"Consórcio Intermunicipal de Saúde Da Região Norte Matogrossense";"6.6";"Concluída";"amaweb_cisrnm.com.br_063.json";"amaweb_cisrnm.com.br_063.pdf"
"64";"https://www.colider.mt.gov.br/";"Página Inicial - Prefeitura de Colíder";"7.5";"Concluída";"amaweb_www.colider.mt.gov.br_064.json";"amaweb_www.colider.mt.gov.br_064.pdf"
"65";"https://www.camaracolider.mt.gov.br/";"Página Inicial - Câmara Municipal de Colíder - Mato Grosso";"7.1";"Concluída";"amaweb_www.camaracolider.mt.gov.br_065.json";"amaweb_www.camaracolider.mt.gov.br_065.pdf"
"66";"https://www.comodoro.mt.gov.br/";"Página Inicial - Prefeitura de Comodoro Comodoro - MT";"6.9";"Concluída";"amaweb_www.comodoro.mt.gov.br_066.json";"amaweb_www.comodoro.mt.gov.br_066.pdf"
"67";"https://www.comodoro.mt.leg.br/";"Página Inicial — Câmara Municipal de Comodoro";"7.9";"Concluída";"amaweb_www.comodoro.mt.leg.br_067.json";"amaweb_www.comodoro.mt.leg.br_067.pdf"
"68";"https://portal.cisax-mt.agilicloud.com.br/";"ÁGILI Cidade Digital®";"4.7";"Concluída";"amaweb_portal.cisax-mt.agilicloud.com.br_068.json";"amaweb_portal.cisax-mt.agilicloud.com.br_068.pdf"
"69";"https://www.confresa.org/";"";"8.2";"Concluída";"amaweb_www.confresa.org_069.json";"amaweb_www.confresa.org_069.pdf"
"70";"https://www.confresa.mt.leg.br/";"";"";"Falha AMAWeb";"";""
"71";"https://www.conquistadoeste.mt.gov.br/";"Prefeitura Municipal de Conquista D'Oeste - MT";"9.2";"Concluída";"amaweb_www.conquistadoeste.mt.gov.br_071.json";"amaweb_www.conquistadoeste.mt.gov.br_071.pdf"
"72";"https://www.conquistadoeste.mt.leg.br";"Página Inicial — Câmara Municipal";"8.1";"Concluída";"amaweb_www.conquistadoeste.mt.leg.br_072.json";"amaweb_www.conquistadoeste.mt.leg.br_072.pdf"
"73";"https://www.cotriguacu.mt.gov.br/";"Access denied | www.cotriguacu.mt.gov.br used Cloudflare to restrict access | www.cotriguacu.mt.gov.br | Cloudflare";"9.6";"Concluída";"amaweb_www.cotriguacu.mt.gov.br_073.json";"amaweb_www.cotriguacu.mt.gov.br_073.pdf"
"74";"https://www.cotriguacu.mt.leg.br/";"Página Inicial — Câmara Municipal de Cotriguaçu";"8.4";"Concluída";"amaweb_www.cotriguacu.mt.leg.br_074.json";"amaweb_www.cotriguacu.mt.leg.br_074.pdf"
"75";"https://www.consorciovaledoriocuiaba.com.br";"Consórcio Vale do Rio Cuiabá – Consórcio Intermunicipal de Desenvolvimento Econômico e Social Vale do Rio Cuiabá";"7.0";"Concluída";"amaweb_www.consorciovaledoriocuiaba.com.br_075.json";"amaweb_www.consorciovaledoriocuiaba.com.br_075.pdf"
"76";"https://www.cisvarc.com.br/";"";"";"Falha AMAWeb";"";""
"77";"https://www.consprev.com.br/";"Página Inicial - Consórcio de CONSPREV";"8.2";"Concluída";"amaweb_www.consprev.com.br_077.json";"amaweb_www.consprev.com.br_077.pdf"
"78";"https://www.defensoria.mt.def.br/dpmt/portal/";"DPEMT - Home";"7.0";"Concluída";"amaweb_www.defensoria.mt.def.br_078.json";"amaweb_www.defensoria.mt.def.br_078.pdf"
"79";"https://www.metamat.mt.gov.br/";"METAMAT";"10.0";"Concluída";"amaweb_www.metamat.mt.gov.br_079.json";"amaweb_www.metamat.mt.gov.br_079.pdf"
"80";"https://www.mti.mt.gov.br/";"MTI";"10.0";"Concluída";"amaweb_www.mti.mt.gov.br_080.json";"amaweb_www.mti.mt.gov.br_080.pdf"
"81";"https://www.mtpar.mt.gov.br/";"MTPAR | MT Participações e Projetos S.A | Avenida Dr. Hélio Ribeiro, Nº 525, Edifício Helbor Dual Business - 5º Andar. Cuiabá - Mato Grosso";"8.2";"Concluída";"amaweb_www.mtpar.mt.gov.br_081.json";"amaweb_www.mtpar.mt.gov.br_081.pdf"
"82";"https://www.desenvolve.mt.gov.br/";"Desenvolve MT | Desenvolve MT";"6.9";"Concluída";"amaweb_www.desenvolve.mt.gov.br_082.json";"amaweb_www.desenvolve.mt.gov.br_082.pdf"
"83";"https://mtgas.com.br/";"MTGÁS Companhia Mato-grossense de Gás – R. Eng. Endereço: Rua Edgar Prado Arze, 297 – Centro Político Administrativo";"7.4";"Concluída";"amaweb_mtgas.com.br_083.json";"amaweb_mtgas.com.br_083.pdf"
"84";"https://portal.mt.gov.br/";"Portal do Governo de Mato Grosso";"10.0";"Concluída";"amaweb_portal.mt.gov.br_084.json";"amaweb_portal.mt.gov.br_084.pdf"
"85";"https://www.cuiaba.mt.gov.br/";"Prefeitura de Cuiabá";"8.0";"Concluída";"amaweb_www.cuiaba.mt.gov.br_085.json";"amaweb_www.cuiaba.mt.gov.br_085.pdf"
"86";"https://www.tjmt.jus.br/";"Poder Judiciário do Estado de Mato Grosso";"9.9";"Concluída";"amaweb_www.tjmt.jus.br_086.json";"amaweb_www.tjmt.jus.br_086.pdf"
"87";"https://www.al.mt.gov.br/";"Assembleia Legislativa do Estado de Mato Grosso";"8.6";"Concluída";"amaweb_www.al.mt.gov.br_087.json";"amaweb_www.al.mt.gov.br_087.pdf"
"88";"https://www.camaracuiaba.mt.gov.br/";"Câmara Municipal de Cuiabá";"9.8";"Concluída";"amaweb_www.camaracuiaba.mt.gov.br_088.json";"amaweb_www.camaracuiaba.mt.gov.br_088.pdf"
"89";"https://www.mpmt.mp.br/";"Ministério Público do Estado de Mato Grosso";"6.0";"Concluída";"amaweb_www.mpmt.mp.br_089.json";"amaweb_www.mpmt.mp.br_089.pdf"
"90";"https://www.tce.mt.gov.br/";"Portal do TCE-MT - Portal do TCE";"9.5";"Concluída";"amaweb_www.tce.mt.gov.br_090.json";"amaweb_www.tce.mt.gov.br_090.pdf"
"91";"https://www.curvelandia.mt.gov.br/";"Access denied | www.curvelandia.mt.gov.br used Cloudflare to restrict access | www.curvelandia.mt.gov.br | Cloudflare";"9.6";"Concluída";"amaweb_www.curvelandia.mt.gov.br_091.json";"amaweb_www.curvelandia.mt.gov.br_091.pdf"
"92";"https://curvelandia.mt.leg.br/";"";"";"Falha AMAWeb";"";""
"93";"https://www.caceres.mt.gov.br/";"Página Inicial - Prefeitura Municipal de Cáceres";"8.0";"Concluída";"amaweb_www.caceres.mt.gov.br_093.json";"amaweb_www.caceres.mt.gov.br_093.pdf"
"94";"https://www.caceres.mt.leg.br/";"Página Inicial — Câmara Municipal de Cáceres";"8.4";"Concluída";"amaweb_www.caceres.mt.leg.br_094.json";"amaweb_www.caceres.mt.leg.br_094.pdf"
"95";"https://www.denise.mt.gov.br/";"Access denied | www.denise.mt.gov.br used Cloudflare to restrict access | www.denise.mt.gov.br | Cloudflare";"9.6";"Concluída";"amaweb_www.denise.mt.gov.br_095.json";"amaweb_www.denise.mt.gov.br_095.pdf"
"96";"https://www.denise.mt.leg.br/";"Câmara Municipal de Denise";"6.3";"Concluída";"amaweb_www.denise.mt.leg.br_096.json";"amaweb_www.denise.mt.leg.br_096.pdf"
"97";"https://www.ciscn.com.br/#/home";"Consórcio Intermunicipal de Saúde Da Região Norte Matogrossense";"5.1";"Concluída";"amaweb_www.ciscn.com.br_097.json";"amaweb_www.ciscn.com.br_097.pdf"
"98";"https://www.diamantino.mt.gov.br/";"Página Principal - Prefeitura de Diamantino";"7.2";"Concluída";"amaweb_www.diamantino.mt.gov.br_098.json";"amaweb_www.diamantino.mt.gov.br_098.pdf"
"99";"https://www.diamantino.mt.leg.br/";"";"";"Falha AMAWeb";"";""
"100";"https://www.domaquino.mt.gov.br/";"Prefeitura Municipal de Dom Aquino";"6.8";"Concluída";"amaweb_www.domaquino.mt.gov.br_100.json";"amaweb_www.domaquino.mt.gov.br_100.pdf"
"101";"https://domaquino.oxy.elotech.com.br/portaltransparencia/3/";"Portal Transparência";"6.0";"Concluída";"amaweb_domaquino.oxy.elotech.com.br_101.json";"amaweb_domaquino.oxy.elotech.com.br_101.pdf"
"102";"https://www.feliznatal.mt.gov.br/home";"Prefeitura de Feliz Natal";"6.3";"Concluída";"amaweb_www.feliznatal.mt.gov.br_102.json";"amaweb_www.feliznatal.mt.gov.br_102.pdf"
"103";"https://www.feliznatal.mt.leg.br/";"";"";"Falha AMAWeb";"";""
"104";"https://figueiropolisdoeste.mt.gov.br/";"Prefeitura Municipal de Figueirópolis d' Oeste-MT";"6.6";"Concluída";"amaweb_figueiropolisdoeste.mt.gov.br_104.json";"amaweb_figueiropolisdoeste.mt.gov.br_104.pdf"
"105";"https://figueiropolisdoeste.mt.leg.br/";"Access denied | figueiropolisdoeste.mt.leg.br used Cloudflare to restrict access | figueiropolisdoeste.mt.leg.br | Cloudflare";"9.6";"Concluída";"amaweb_figueiropolisdoeste.mt.leg.br_105.json";"amaweb_figueiropolisdoeste.mt.leg.br_105.pdf"
"106";"https://www.gauchadonorte.mt.gov.br/";"Prefeitura Municipal de Gaúcha do Norte MT";"8.0";"Concluída";"amaweb_www.gauchadonorte.mt.gov.br_106.json";"amaweb_www.gauchadonorte.mt.gov.br_106.pdf"
"107";"https://www.gauchadonorte.mt.leg.br/";"Câmara de Vereadores de Gaúcha do Norte";"7.9";"Concluída";"amaweb_www.gauchadonorte.mt.leg.br_107.json";"amaweb_www.gauchadonorte.mt.leg.br_107.pdf"
"108";"https://www.generalcarneiro.mt.gov.br/";"";"";"Falha AMAWeb";"";""
"109";"http://www.camarageneralcarneiro.mt.gov.br/";"Câmara Municipal de General Carneiro – MT – A casa do povo Generalcarneirense";"8.5";"Concluída";"amaweb_www.camarageneralcarneiro.mt.gov.br_109.json";"amaweb_www.camarageneralcarneiro.mt.gov.br_109.pdf"
"110";"https://www.gloriadoeste.mt.gov.br/";"";"";"Falha AMAWeb";"";""
"111";"https://www.gloriadoeste.mt.leg.br/";"Access denied | www.gloriadoeste.mt.leg.br used Cloudflare to restrict access | www.gloriadoeste.mt.leg.br | Cloudflare";"9.6";"Concluída";"amaweb_www.gloriadoeste.mt.leg.br_111.json";"amaweb_www.gloriadoeste.mt.leg.br_111.pdf"
"112";"https://www.guarantadonorte.mt.gov.br/";"Página Inicial - Prefeitura de Guarantã do Norte - MT";"8.2";"Concluída";"amaweb_www.guarantadonorte.mt.gov.br_112.json";"amaweb_www.guarantadonorte.mt.gov.br_112.pdf"
"113";"https://camaraguarantadonorte.mt.gov.br";"";"";"Falha AMAWeb";"";""
"114";"https://guiratinga.mt.gov.br/";"";"";"Falha AMAWeb";"";""
"115";"https://www.guiratinga.mt.leg.br/";"";"";"Falha AMAWeb";"";""
"116";"https://www.indiavai.mt.gov.br/";"";"";"Falha AMAWeb";"";""
"117";"https://indiavai.mt.leg.br/";"";"";"Falha AMAWeb";"";""
"118";"https://www.ipirangadonorte.mt.gov.br";"Página Inicial - Prefeitura Municipal de Ipiranga do Norte";"7.4";"Concluída";"amaweb_www.ipirangadonorte.mt.gov.br_118.json";"amaweb_www.ipirangadonorte.mt.gov.br_118.pdf"
"119";"https://www.ipirangadonorte.mt.leg.br/";"";"";"Falha AMAWeb";"";""
"120";"https://www.itanhanga.mt.gov.br/#/home";"Prefeitura Municipal de Itanhangá";"7.0";"Concluída";"amaweb_www.itanhanga.mt.gov.br_120.json";"amaweb_www.itanhanga.mt.gov.br_120.pdf"
"121";"https://www.camaraitanhanga.mt.gov.br/";"Página Inicial - Câmara Municipal de Itanhangá - MT";"8.5";"Concluída";"amaweb_www.camaraitanhanga.mt.gov.br_121.json";"amaweb_www.camaraitanhanga.mt.gov.br_121.pdf"
"122";"https://www.itauba.mt.gov.br/";"Página Inicial - Prefeitura de Itaúba - MT";"7.9";"Concluída";"amaweb_www.itauba.mt.gov.br_122.json";"amaweb_www.itauba.mt.gov.br_122.pdf"
"123";"https://www.camaraitauba.mt.gov.br/";"Página Inicial - Câmara Municipal de Itaúba - MT";"8.3";"Concluída";"amaweb_www.camaraitauba.mt.gov.br_123.json";"amaweb_www.camaraitauba.mt.gov.br_123.pdf"
"124";"https://www.itiquira.mt.gov.br/";"Prefeitura de Itiquira - MT";"6.6";"Concluída";"amaweb_www.itiquira.mt.gov.br_124.json";"amaweb_www.itiquira.mt.gov.br_124.pdf"
"125";"https://www.itiquira.mt.leg.br/";"";"";"Falha AMAWeb";"";""
"126";"https://www.jaciara.mt.gov.br/";"Governo de Jaciara - Poder Executivo";"8.1";"Concluída";"amaweb_www.jaciara.mt.gov.br_126.json";"amaweb_www.jaciara.mt.gov.br_126.pdf"
"127";"https://www.camarajaciara.mt.gov.br/";"Câmara Municipal de Jaciara";"5.7";"Concluída";"amaweb_www.camarajaciara.mt.gov.br_127.json";"amaweb_www.camarajaciara.mt.gov.br_127.pdf"
"128";"https://jangada.mt.gov.br/";"Página Inicial - Prefeitura de Jangada - MT";"9.3";"Concluída";"amaweb_jangada.mt.gov.br_128.json";"amaweb_jangada.mt.gov.br_128.pdf"
"129";"https://jangada.mt.leg.br/";"";"";"Falha AMAWeb";"";""
"130";"https://www.jauru.mt.gov.br/";"";"";"Falha AMAWeb";"";""
"131";"https://www.camarajauru.mt.gov.br/";"";"";"Falha AMAWeb";"";""
"132";"https://cindvale.com.br";"";"";"Falha AMAWeb";"";""
"133";"https://www.cisva.com.br/#/home";"Cisva";"7.3";"Concluída";"amaweb_www.cisva.com.br_133.json";"amaweb_www.cisva.com.br_133.pdf"
"134";"https://juara.mt.gov.br/#/home";"Juara - MT";"6.8";"Concluída";"amaweb_juara.mt.gov.br_134.json";"amaweb_juara.mt.gov.br_134.pdf"
"135";"https://www.juara.mt.leg.br/";"";"";"Falha AMAWeb";"";""
"136";"https://www.juruena.mt.gov.br/";"Access denied | www.juruena.mt.gov.br used Cloudflare to restrict access | www.juruena.mt.gov.br | Cloudflare";"9.6";"Concluída";"amaweb_www.juruena.mt.gov.br_136.json";"amaweb_www.juruena.mt.gov.br_136.pdf"
"137";"https://www.juruena.mt.leg.br/";"";"";"Falha AMAWeb";"";""
"138";"https://www.cidesasul.com.br/";"CIDESASUL";"3.6";"Concluída";"amaweb_www.cidesasul.com.br_138.json";"amaweb_www.cidesasul.com.br_138.pdf"
"139";"https://www.juscimeira.mt.gov.br/";"Prefeitura Municipal de Juscimeira";"6.5";"Concluída";"amaweb_www.juscimeira.mt.gov.br_139.json";"amaweb_www.juscimeira.mt.gov.br_139.pdf"
"140";"https://www.camarajuscimeira.mt.gov.br/";"Câmara Municipal de Juscimeira";"6.1";"Concluída";"amaweb_www.camarajuscimeira.mt.gov.br_140.json";"amaweb_www.camarajuscimeira.mt.gov.br_140.pdf"
"141";"https://www.cidesavaledojuruena.com.br/";"Consórcio intermunicipal Cidesa";"8.1";"Concluída";"amaweb_www.cidesavaledojuruena.com.br_141.json";"amaweb_www.cidesavaledojuruena.com.br_141.pdf"
"142";"https://www.consorciocisvj.com.br/home";"CISVJ";"8.4";"Concluída";"amaweb_www.consorciocisvj.com.br_142.json";"amaweb_www.consorciocisvj.com.br_142.pdf"
"143";"https://www.juina.mt.gov.br/";"Prefeitura de Juína";"7.1";"Concluída";"amaweb_www.juina.mt.gov.br_143.json";"amaweb_www.juina.mt.gov.br_143.pdf"
"144";"https://www.juina.mt.leg.br/";"página inicial — Município de Juína";"7.8";"Concluída";"amaweb_www.juina.mt.leg.br_144.json";"amaweb_www.juina.mt.leg.br_144.pdf"
"145";"https://lambaridoeste.mt.gov.br";"Access denied | lambaridoeste.mt.gov.br used Cloudflare to restrict access | lambaridoeste.mt.gov.br | Cloudflare";"9.6";"Concluída";"amaweb_lambaridoeste.mt.gov.br_145.json";"amaweb_lambaridoeste.mt.gov.br_145.pdf"
"146";"https://lambaridoeste.mt.leg.br/";"Access denied | lambaridoeste.mt.leg.br used Cloudflare to restrict access | lambaridoeste.mt.leg.br | Cloudflare";"9.6";"Concluída";"amaweb_lambaridoeste.mt.leg.br_146.json";"amaweb_lambaridoeste.mt.leg.br_146.pdf"
"147";"https://www.lucasdorioverde.mt.gov.br/site/";"Prefeitura de Lucas do Rio Verde";"6.1";"Concluída";"amaweb_www.lucasdorioverde.mt.gov.br_147.json";"amaweb_www.lucasdorioverde.mt.gov.br_147.pdf"
"148";"https://www.camaralucasdorioverde.mt.gov.br/";"Página Inicial - Câmara Municipal de Lucas do Rio Verde - MT";"7.9";"Concluída";"amaweb_www.camaralucasdorioverde.mt.gov.br_148.json";"amaweb_www.camaralucasdorioverde.mt.gov.br_148.pdf"
"149";"https://www.luciara.mt.gov.br/";"";"";"Falha AMAWeb";"";""
"150";"https://www.luciara.mt.leg.br/";"";"";"Falha AMAWeb";"";""
"151";"https://www.marcelandia.mt.gov.br/";"Página Inicial - Prefeitura Municipal de Marcelândia";"5.5";"Concluída";"amaweb_www.marcelandia.mt.gov.br_151.json";"amaweb_www.marcelandia.mt.gov.br_151.pdf"
"152";"https://www.camaramarcelandia.mt.gov.br/";"Página Inicial - Câmara Municipal de Marcelândia - MT";"7.8";"Concluída";"amaweb_www.camaramarcelandia.mt.gov.br_152.json";"amaweb_www.camaramarcelandia.mt.gov.br_152.pdf"
"153";"https://www.matupa.mt.gov.br/";"Página Principal Prefeitura Municipal de Matupá - MT";"6.7";"Concluída";"amaweb_www.matupa.mt.gov.br_153.json";"amaweb_www.matupa.mt.gov.br_153.pdf"
"154";"https://matupa.mt.leg.br/";"Câmara Municipal de Matupá - MT - Portal Oficial";"8.3";"Concluída";"amaweb_matupa.mt.leg.br_154.json";"amaweb_matupa.mt.leg.br_154.pdf"
"155";"https://www.mirassoldoeste.mt.gov.br/";"Access denied | www.mirassoldoeste.mt.gov.br used Cloudflare to restrict access | www.mirassoldoeste.mt.gov.br | Cloudflare";"9.6";"Concluída";"amaweb_www.mirassoldoeste.mt.gov.br_155.json";"amaweb_www.mirassoldoeste.mt.gov.br_155.pdf"
"156";"https://amaramirassoldoeste.mt.gov.br";"";"";"Falha AMAWeb";"";""
"157";"https://www.nobres.mt.gov.br/";"Página Inicial - Prefeitura Municipal de Nobres";"7.7";"Concluída";"amaweb_www.nobres.mt.gov.br_157.json";"amaweb_www.nobres.mt.gov.br_157.pdf"
"158";"https://www.nobres.mt.leg.br/";"Página Inicial - Câmara Municipal de Nobres - MT";"8.4";"Concluída";"amaweb_www.nobres.mt.leg.br_158.json";"amaweb_www.nobres.mt.leg.br_158.pdf"
"159";"https://www.nortelandia.mt.gov.br/";"Página Inicial - Prefeitura Municipal de Nortelândia - MT";"7.7";"Concluída";"amaweb_www.nortelandia.mt.gov.br_159.json";"amaweb_www.nortelandia.mt.gov.br_159.pdf"
"160";"https://nortelandia.mt.leg.br/";"Câmara Municipal de Nortelândia";"6.4";"Concluída";"amaweb_nortelandia.mt.leg.br_160.json";"amaweb_nortelandia.mt.leg.br_160.pdf"
"161";"https://www.nossasenhoradolivramento.mt.gov.br/";"Página Inicial - Prefeitura de Nossa Senhora do Livramento - MT";"9.3";"Concluída";"amaweb_www.nossasenhoradolivramento.mt.gov.br_161.json";"amaweb_www.nossasenhoradolivramento.mt.gov.br_161.pdf"
"162";"https://www.camaranossasenhoradolivramento.mt.gov.br/";"";"";"Falha AMAWeb";"";""
"163";"https://www.novabandeirantes.mt.gov.br/";"Página Inicial - Prefeitura de Nova Bandeirantes - MT";"7.7";"Concluída";"amaweb_www.novabandeirantes.mt.gov.br_163.json";"amaweb_www.novabandeirantes.mt.gov.br_163.pdf"
"164";"https://www.camaranovabandeirantes.mt.gov.br/";"";"";"Falha AMAWeb";"";""
"165";"https://www.novabrasilandia.mt.gov.br/";"Página Inicial - Prefeitura Municipal de Nova Brasilândia - MT";"7.6";"Concluída";"amaweb_www.novabrasilandia.mt.gov.br_165.json";"amaweb_www.novabrasilandia.mt.gov.br_165.pdf"
"166";"https://www.novabrasilandia.mt.leg.br/";"";"";"Falha AMAWeb";"";""
"167";"https://www.novacanaadonorte.mt.gov.br/home";"Prefeitura Municipal de Nova Canaã do Norte";"6.7";"Concluída";"amaweb_www.novacanaadonorte.mt.gov.br_167.json";"amaweb_www.novacanaadonorte.mt.gov.br_167.pdf"
"168";"https://www.camaranovacanaa.mt.gov.br/";"Câmara Municipal de Nova Canaã do Norte - Câmara Municipal de Nova Canaã do Norte";"7.9";"Concluída";"amaweb_www.camaranovacanaa.mt.gov.br_168.json";"amaweb_www.camaranovacanaa.mt.gov.br_168.pdf"
"169";"https://www.novaguarita.mt.gov.br/";"Página Inicial - Prefeitura de Nova Guarita - MT";"7.5";"Concluída";"amaweb_www.novaguarita.mt.gov.br_169.json";"amaweb_www.novaguarita.mt.gov.br_169.pdf"
"170";"https://www.novaguarita.mt.leg.br/";"Câmara Municipal de Nova Guarita — CÂMARA MUNICIPAL DE NOVA GUARITA - MT";"7.5";"Concluída";"amaweb_www.novaguarita.mt.leg.br_170.json";"amaweb_www.novaguarita.mt.leg.br_170.pdf"
"171";"https://cidesa.com.br/";"";"";"Falha AMAWeb";"";""
"172";"https://www.novalacerda.mt.gov.br/Home/";"Página Inicial - Prefeitura Municipal de Nova Lacerda - MT";"8.5";"Concluída";"amaweb_www.novalacerda.mt.gov.br_172.json";"amaweb_www.novalacerda.mt.gov.br_172.pdf"
"173";"https://www.novalacerda.mt.leg.br/";"";"";"Falha AMAWeb";"";""
"174";"https://www.novamarilandia.mt.gov.br/";"Página Inicial - Prefeitura de Nova Marilândia - MT";"8.2";"Concluída";"amaweb_www.novamarilandia.mt.gov.br_174.json";"amaweb_www.novamarilandia.mt.gov.br_174.pdf"
"175";"https://novamarilandia.mt.leg.br/";"Câmara Municipal de Nova Marilândia";"5.6";"Concluída";"amaweb_novamarilandia.mt.leg.br_175.json";"amaweb_novamarilandia.mt.leg.br_175.pdf"
"176";"https://www.novamaringa.mt.gov.br/";"Página Inicial - Prefeitura de Nova Maringá - MT";"8.0";"Concluída";"amaweb_www.novamaringa.mt.gov.br_176.json";"amaweb_www.novamaringa.mt.gov.br_176.pdf"
"177";"https://www.novamaringa.mt.leg.br/";"Câmara Municipal de Nova Maringá";"8.0";"Concluída";"amaweb_www.novamaringa.mt.leg.br_177.json";"amaweb_www.novamaringa.mt.leg.br_177.pdf"
"178";"https://www.novamonteverde.mt.gov.br/";"Página Inicial - Prefeitura Municipal de Nova Monte Verde";"8.1";"Concluída";"amaweb_www.novamonteverde.mt.gov.br_178.json";"amaweb_www.novamonteverde.mt.gov.br_178.pdf"
"179";"https://www.novamonteverde.mt.leg.br/";"Página Inicial — Câmara Municipal";"7.6";"Concluída";"amaweb_www.novamonteverde.mt.leg.br_179.json";"amaweb_www.novamonteverde.mt.leg.br_179.pdf"
"180";"https://www.novamutum.mt.gov.br/home";"Prefeitura Municipal de Nova Mutum";"6.8";"Concluída";"amaweb_www.novamutum.mt.gov.br_180.json";"amaweb_www.novamutum.mt.gov.br_180.pdf"
"181";"https://novamutum.mt.leg.br/#/home";"Câmara de Vereadores de Nova Mutum";"7.4";"Concluída";"amaweb_novamutum.mt.leg.br_181.json";"amaweb_novamutum.mt.leg.br_181.pdf"
"182";"https://www.novanazare.mt.gov.br/";"Página Inicial - Prefeitura Municipal de Nova Nazaré";"8.7";"Concluída";"amaweb_www.novanazare.mt.gov.br_182.json";"amaweb_www.novanazare.mt.gov.br_182.pdf"
"183";"https://www.novanazare.mt.leg.br/";"Câmara Municipal de Nova Nazaré";"7.8";"Concluída";"amaweb_www.novanazare.mt.leg.br_183.json";"amaweb_www.novanazare.mt.leg.br_183.pdf"
"184";"https://www.novaolimpia.mt.gov.br/";"Página Inicial - Prefeitura de Nova Olímpia - MT";"8.1";"Concluída";"amaweb_www.novaolimpia.mt.gov.br_184.json";"amaweb_www.novaolimpia.mt.gov.br_184.pdf"
"185";"https://camaranovaolimpia.mt.gov.br/";"Câmara Municipal de Nova Olímpia - MT | Gestão 2025-2026";"7.5";"Concluída";"amaweb_camaranovaolimpia.mt.gov.br_185.json";"amaweb_camaranovaolimpia.mt.gov.br_185.pdf"
"186";"https://www.novasantahelena.mt.gov.br/";"Página Inicial - Prefeitura de Nova Santa Helena Nova Santa Helena - MT";"8.9";"Concluída";"amaweb_www.novasantahelena.mt.gov.br_186.json";"amaweb_www.novasantahelena.mt.gov.br_186.pdf"
"187";"https://www.novasantahelena.mt.leg.br/";"Página Inicial — CÂMARA MUNICIPAL DE NOVA SANTA HELENA - MT";"7.8";"Concluída";"amaweb_www.novasantahelena.mt.leg.br_187.json";"amaweb_www.novasantahelena.mt.leg.br_187.pdf"
"188";"https://www.novaubirata.mt.gov.br/";"";"";"Falha AMAWeb";"";""
"189";"https://www.novaubirata.mt.leg.br/#/home";"Câmara de Vereadores de Nova Ubiratã";"7.0";"Concluída";"amaweb_www.novaubirata.mt.leg.br_189.json";"amaweb_www.novaubirata.mt.leg.br_189.pdf"
"190";"https://www.novaxavantina.mt.gov.br/";"Página Inicial - Prefeitura de Nova Xavantina - MT";"7.4";"Concluída";"amaweb_www.novaxavantina.mt.gov.br_190.json";"amaweb_www.novaxavantina.mt.gov.br_190.pdf"
"191";"https://www.novaxavantina.mt.leg.br/";"Câmara Municipal de Nova Xavantina";"8.0";"Concluída";"amaweb_www.novaxavantina.mt.leg.br_191.json";"amaweb_www.novaxavantina.mt.leg.br_191.pdf"
"192";"https://www.novohorizontedonorte.mt.gov.br/transparencia";"Portal da Transparência";"7.2";"Concluída";"amaweb_www.novohorizontedonorte.mt.gov.br_192.json";"amaweb_www.novohorizontedonorte.mt.gov.br_192.pdf"
"193";"https://www.camaranovohorizontedonorte.mt.gov.br/";"Câmara Municipal de Novo Horizonte do Norte";"7.7";"Concluída";"amaweb_www.camaranovohorizontedonorte.mt.gov.br_193.json";"amaweb_www.camaranovohorizontedonorte.mt.gov.br_193.pdf"
"194";"https://www.novomundo.mt.leg.br/";"Câmara Municipal de Novo Mundo";"7.4";"Concluída";"amaweb_www.novomundo.mt.leg.br_194.json";"amaweb_www.novomundo.mt.leg.br_194.pdf"
"195";"https://www.novosantoantonio.mt.gov.br/";"Página Principal - Prefeitura de Novo Santo Antônio";"8.4";"Concluída";"amaweb_www.novosantoantonio.mt.gov.br_195.json";"amaweb_www.novosantoantonio.mt.gov.br_195.pdf"
"196";"https://novosantoantonio.mt.leg.br/";"";"";"Falha AMAWeb";"";""
"197";"https://www.novosaojoaquim.mt.gov.br/";"Página Inicial - Prefeitura Municipal de Novo São Joaquim | Gestão 2025-2028";"7.6";"Concluída";"amaweb_www.novosaojoaquim.mt.gov.br_197.json";"amaweb_www.novosaojoaquim.mt.gov.br_197.pdf"
"198";"https://camaranovosaojoaquim.mt.gov.br/";"Página Inicial - Câmara Municipal de Novo São Joaquim | Gestão 2025-2026";"7.4";"Concluída";"amaweb_camaranovosaojoaquim.mt.gov.br_198.json";"amaweb_camaranovosaojoaquim.mt.gov.br_198.pdf"
"199";"https://www.paranatinga.mt.gov.br/";"Página Inicial - Prefeitura Municipal de Paranatinga - MT";"7.9";"Concluída";"amaweb_www.paranatinga.mt.gov.br_199.json";"amaweb_www.paranatinga.mt.gov.br_199.pdf"
"200";"https://www.paranatinga.mt.leg.br/";"Página Inicial — Câmara Municipal de Paranatinga";"7.7";"Concluída";"amaweb_www.paranatinga.mt.leg.br_200.json";"amaweb_www.paranatinga.mt.leg.br_200.pdf"
"201";"https://www.paranaita.mt.gov.br/";"Página Principal - Prefeitura de Paranaíta";"7.1";"Concluída";"amaweb_www.paranaita.mt.gov.br_201.json";"amaweb_www.paranaita.mt.gov.br_201.pdf"
"202";"https://paranaita.mt.leg.br/";"Início - Câmara Municipal de Paranaíta - MT";"7.6";"Concluída";"amaweb_paranaita.mt.leg.br_202.json";"amaweb_paranaita.mt.leg.br_202.pdf"
"203";"https://www.pedrapreta.mt.gov.br/";"Prefeitura Municipal de Pedra Preta";"6.1";"Concluída";"amaweb_www.pedrapreta.mt.gov.br_203.json";"amaweb_www.pedrapreta.mt.gov.br_203.pdf"
"204";"https://pedrapreta.mt.leg.br/";"Início - Câmara Municipal de Pedra Preta - MT";"7.3";"Concluída";"amaweb_pedrapreta.mt.leg.br_204.json";"amaweb_pedrapreta.mt.leg.br_204.pdf"
"205";"https://www.cisvaledopeixoto.com.br/";"Consórcio Intermunicipal de Saúde da Região do Vale do Peixoto";"6.5";"Concluída";"amaweb_www.cisvaledopeixoto.com.br_205.json";"amaweb_www.cisvaledopeixoto.com.br_205.pdf"
"206";"https://www.peixotodeazevedo.mt.gov.br/";"Página Inicial - Prefeitura de Peixoto de Azevedo - MT";"8.3";"Concluída";"amaweb_www.peixotodeazevedo.mt.gov.br_206.json";"amaweb_www.peixotodeazevedo.mt.gov.br_206.pdf"
"207";"https://www.camarapeixotodeazevedo.mt.gov.br/";"Página Inicial - Câmara Municipal de Peixoto de Azevedo - MT";"8.1";"Concluída";"amaweb_www.camarapeixotodeazevedo.mt.gov.br_207.json";"amaweb_www.camarapeixotodeazevedo.mt.gov.br_207.pdf"
"208";"https://www.planaltodaserra.mt.gov.br";"";"";"Falha AMAWeb";"";""
"209";"https://camaraplanaltodaserra.mt.gov.br/";"";"";"Falha AMAWeb";"";""
"210";"https://www.pocone.mt.gov.br/";"Access denied | www.pocone.mt.gov.br used Cloudflare to restrict access | www.pocone.mt.gov.br | Cloudflare";"9.6";"Concluída";"amaweb_www.pocone.mt.gov.br_210.json";"amaweb_www.pocone.mt.gov.br_210.pdf"
"211";"https://www.pocone.mt.leg.br/";"Página Inicial — Câmara Municipal de Poconé";"7.9";"Concluída";"amaweb_www.pocone.mt.leg.br_211.json";"amaweb_www.pocone.mt.leg.br_211.pdf"
"212";"https://www.pontaldoaraguaia.mt.gov.br/";"Prefeitura Municipal de Pontal Do Araguaia - MT";"8.9";"Concluída";"amaweb_www.pontaldoaraguaia.mt.gov.br_212.json";"amaweb_www.pontaldoaraguaia.mt.gov.br_212.pdf"
"213";"https://www.pontaldoaraguaia.mt.leg.br/";"Página Inicial — Câmara de Pontal do Araguaia-MT";"8.0";"Concluída";"amaweb_www.pontaldoaraguaia.mt.leg.br_213.json";"amaweb_www.pontaldoaraguaia.mt.leg.br_213.pdf"
"214";"https://www.prefeituradepontebranca-mt.com.br/";"";"";"Falha AMAWeb";"";""
"215";"https://www.camarapontebranca.com.br/";"";"";"Falha AMAWeb";"";""
"216";"https://www.cisvag.com.br/";"CISVAG";"7.3";"Concluída";"amaweb_www.cisvag.com.br_216.json";"amaweb_www.cisvag.com.br_216.pdf"
"217";"https://www.ponteselacerda.mt.gov.br/";"Prefeitura de Pontes e Lacerda";"6.8";"Concluída";"amaweb_www.ponteselacerda.mt.gov.br_217.json";"amaweb_www.ponteselacerda.mt.gov.br_217.pdf"
"218";"https://www.ponteselacerda.mt.leg.br/";"Câmara Municipal de Pontes e Lacerda";"6.2";"Concluída";"amaweb_www.ponteselacerda.mt.leg.br_218.json";"amaweb_www.ponteselacerda.mt.leg.br_218.pdf"
"219";"https://cidesana.com.br/#/home";"Cidesa Norte Araguaia";"7.3";"Concluída";"amaweb_cidesana.com.br_219.json";"amaweb_cidesana.com.br_219.pdf"
"220";"https://www.portoalegredonorte.mt.gov.br/home";"Página Inicial - Prefeitura de Porto Alegre do Norte - MT";"7.6";"Concluída";"amaweb_www.portoalegredonorte.mt.gov.br_220.json";"amaweb_www.portoalegredonorte.mt.gov.br_220.pdf"
"221";"https://www.portoalegredonorte.mt.leg.br/";"";"";"Falha AMAWeb";"";""
"222";"https://www.portodosgauchos.mt.gov.br/";"Página Inicial - Prefeitura de Porto Dos Gaúchos - MT";"7.4";"Concluída";"amaweb_www.portodosgauchos.mt.gov.br_222.json";"amaweb_www.portodosgauchos.mt.gov.br_222.pdf"
"223";"https://portodosgauchos.mt.leg.br/#/home";"Access denied | portodosgauchos.mt.leg.br used Cloudflare to restrict access | portodosgauchos.mt.leg.br | Cloudflare";"9.6";"Concluída";"amaweb_portodosgauchos.mt.leg.br_223.json";"amaweb_portodosgauchos.mt.leg.br_223.pdf"
"224";"https://www.portoesperidiao.mt.gov.br/";"Página Inicial - Prefeitura Municipal de Porto Esperidião";"9.2";"Concluída";"amaweb_www.portoesperidiao.mt.gov.br_224.json";"amaweb_www.portoesperidiao.mt.gov.br_224.pdf"
"225";"https://www.camaraportoesperidiao.mt.gov.br/";"Página Inicial - Câmara Municipal de Porto Esperidião - MT";"8.7";"Concluída";"amaweb_www.camaraportoesperidiao.mt.gov.br_225.json";"amaweb_www.camaraportoesperidiao.mt.gov.br_225.pdf"
"226";"https://www.portoestrela.mt.gov.br/";"";"";"Falha AMAWeb";"";""
"227";"https://camaraportoestrela.com.br/";"";"";"Falha AMAWeb";"";""
"228";"https://www.poxoreu.mt.gov.br/";"Página Inicial - Prefeitura Municipal de Poxoréu - MT";"7.5";"Concluída";"amaweb_www.poxoreu.mt.gov.br_228.json";"amaweb_www.poxoreu.mt.gov.br_228.pdf"
"229";"https://poxoreu.mt.leg.br/";"Câmara Municipal de Poxoréu – A Casa do Povo Poxorense";"7.8";"Concluída";"amaweb_poxoreu.mt.leg.br_229.json";"amaweb_poxoreu.mt.leg.br_229.pdf"
"230";"https://primaveradoleste.mt.gov.br/";"Access denied | www.primaveradoleste.mt.gov.br used Cloudflare to restrict access | www.primaveradoleste.mt.gov.br | Cloudflare";"9.6";"Concluída";"amaweb_primaveradoleste.mt.gov.br_230.json";"amaweb_primaveradoleste.mt.gov.br_230.pdf"
"231";"https://www.primaveradoleste.mt.leg.br/";"";"";"Falha AMAWeb";"";""
"232";"https://www.querencia.mt.gov.br/";"Página Inicial Prefeitura Municipal de Querência";"5.9";"Concluída";"amaweb_www.querencia.mt.gov.br_232.json";"amaweb_www.querencia.mt.gov.br_232.pdf"
"233";"https://www.querencia.mt.leg.br/";"Página Inicial — Câmara Municipal de Querência - MT";"7.6";"Concluída";"amaweb_www.querencia.mt.leg.br_233.json";"amaweb_www.querencia.mt.leg.br_233.pdf"
"234";"https://www.reservadocabacal.mt.gov.br/";"";"";"Falha AMAWeb";"";""
"235";"https://reservadocabacal.mt.leg.br/";"";"";"Falha AMAWeb";"";""
"236";"https://www.ribeiraocascalheira.mt.gov.br/";"";"";"Falha AMAWeb";"";""
"237";"https://camararibeiraocascalheira.com.br/";"";"";"Falha AMAWeb";"";""
"238";"https://www.ribeiraozinho.mt.gov.br";"";"";"Falha AMAWeb";"";""
"239";"https://www.ribeiraozinho.mt.leg.br/";"";"";"Falha AMAWeb";"";""
"240";"https://riobranco.mt.gov.br/";"";"";"Falha AMAWeb";"";""
"241";"https://riobranco.mt.leg.br/";"";"";"Falha AMAWeb";"";""
"242";"https://rondolandia.mt.gov.br";"Prefeitura Municipal de Rondolândia";"8.3";"Concluída";"amaweb_rondolandia.mt.gov.br_242.json";"amaweb_rondolandia.mt.gov.br_242.pdf"
"243";"https://www.rondolandia.mt.leg.br/";"";"";"Falha AMAWeb";"";""
"244";"https://www.coressmt.com.br/#/home";"CORESS-MT | Consórcio Regional de Saúde Sul de MT";"4.0";"Concluída";"amaweb_www.coressmt.com.br_244.json";"amaweb_www.coressmt.com.br_244.pdf"
"245";"https://www.rondonopolis.mt.gov.br/";"";"";"Falha AMAWeb";"";""
"246";"https://www.rondonopolis.mt.leg.br/principal";"";"";"Falha AMAWeb";"";""
"247";"https://www.rosariooeste.mt.gov.br/";"";"";"Falha AMAWeb";"";""
"248";"https://saltodoceu.mt.gov.br/";"Access denied | saltodoceu.mt.gov.br used Cloudflare to restrict access | saltodoceu.mt.gov.br | Cloudflare";"9.6";"Concluída";"amaweb_saltodoceu.mt.gov.br_248.json";"amaweb_saltodoceu.mt.gov.br_248.pdf"
"249";"https://saltodoceu.mt.leg.br/";"Access denied | saltodoceu.mt.leg.br used Cloudflare to restrict access | saltodoceu.mt.leg.br | Cloudflare";"9.6";"Concluída";"amaweb_saltodoceu.mt.leg.br_249.json";"amaweb_saltodoceu.mt.leg.br_249.pdf"
"250";"https://www.santacarmem.mt.gov.br/";"Página Inicial - Prefeitura de Santa Carmem - MT";"7.9";"Concluída";"amaweb_www.santacarmem.mt.gov.br_250.json";"amaweb_www.santacarmem.mt.gov.br_250.pdf"
"251";"https://www.camarasantacarmem.mt.gov.br/";"";"";"Falha AMAWeb";"";""
"252";"https://www.santacruzdoxingu.mt.gov.br/";"Página Inicial - Prefeitura de Santa Cruz do Xingu - MT";"8.1";"Concluída";"amaweb_www.santacruzdoxingu.mt.gov.br_252.json";"amaweb_www.santacruzdoxingu.mt.gov.br_252.pdf"
"253";"https://santacruzdoxingu.mt.leg.br/";"Câmara Legislativa – PODER LEGISLATIVO DE SANTA CRUZ DO XINGU";"8.4";"Concluída";"amaweb_santacruzdoxingu.mt.leg.br_253.json";"amaweb_santacruzdoxingu.mt.leg.br_253.pdf"
"254";"https://www.santaritadotrivelato.mt.gov.br/home";"Prefeitura de Santa Rita do Trivelato";"6.5";"Concluída";"amaweb_www.santaritadotrivelato.mt.gov.br_254.json";"amaweb_www.santaritadotrivelato.mt.gov.br_254.pdf"
"255";"https://santaritadotrivelato.mt.leg.br/home";"Câmara de Santa Rita do Trivelato";"8.5";"Concluída";"amaweb_santaritadotrivelato.mt.leg.br_255.json";"amaweb_santaritadotrivelato.mt.leg.br_255.pdf"
"256";"https://santaterezinha.mt.gov.br/";"Access denied | santaterezinha.mt.gov.br used Cloudflare to restrict access | santaterezinha.mt.gov.br | Cloudflare";"9.6";"Concluída";"amaweb_santaterezinha.mt.gov.br_256.json";"amaweb_santaterezinha.mt.gov.br_256.pdf"
"257";"https://www.santaterezinha.mt.leg.br/";"";"";"Falha AMAWeb";"";""
"258";"https://www.santoafonso.mt.gov.br/";"Prefeitura Municipal de Santo Afonso";"6.6";"Concluída";"amaweb_www.santoafonso.mt.gov.br_258.json";"amaweb_www.santoafonso.mt.gov.br_258.pdf"
"259";"https://santoafonso.mt.leg.br/index.php";"";"";"Falha AMAWeb";"";""
"260";"https://www.santoantoniodoleste.mt.gov.br/";"Página Inicial - Prefeitura de Santo Antônio do Leste - MT";"8.0";"Concluída";"amaweb_www.santoantoniodoleste.mt.gov.br_260.json";"amaweb_www.santoantoniodoleste.mt.gov.br_260.pdf"
"261";"https://www.santoantoniodoleste.mt.leg.br/";"Página Inicial - Câmara Municipal de Santo Antônio do Leste - MT";"8.3";"Concluída";"amaweb_www.santoantoniodoleste.mt.leg.br_261.json";"amaweb_www.santoantoniodoleste.mt.leg.br_261.pdf"
"262";"https://www.leverger.mt.gov.br/";"";"";"Falha AMAWeb";"";""
"263";"https://www.camaraleverger.mt.gov.br/";"";"";"Falha AMAWeb";"";""
"264";"https://www.sapezal.mt.gov.br/";"PREFEITURA DE SAPEZAL / MT";"8.4";"Concluída";"amaweb_www.sapezal.mt.gov.br_264.json";"amaweb_www.sapezal.mt.gov.br_264.pdf"
"265";"https://www.sapezal.mt.leg.br";"Página Inicial — Câmara Municipal de Sapezal";"7.8";"Concluída";"amaweb_www.sapezal.mt.leg.br_265.json";"amaweb_www.sapezal.mt.leg.br_265.pdf"
"266";"https://serranovadourada.mt.gov.br/";"Página Inicial - Prefeitura de Serra Nova Dourada - MT";"7.9";"Concluída";"amaweb_serranovadourada.mt.gov.br_266.json";"amaweb_serranovadourada.mt.gov.br_266.pdf"
"267";"https://www.serranovadourada.mt.leg.br/";"Access denied | www.serranovadourada.mt.leg.br used Cloudflare to restrict access | www.serranovadourada.mt.leg.br | Cloudflare";"9.6";"Concluída";"amaweb_www.serranovadourada.mt.leg.br_267.json";"amaweb_www.serranovadourada.mt.leg.br_267.pdf"
"268";"https://www.sinop.mt.gov.br/";"";"";"Falha AMAWeb";"";""
"269";"https://www.sinop.mt.leg.br/";"";"";"Falha AMAWeb";"";""
"270";"https://www.consorciovaledotelespires.com.br";"Consórcio Público de Saúde Vale do Teles Pires";"7.5";"Concluída";"amaweb_www.consorciovaledotelespires.com.br_270.json";"amaweb_www.consorciovaledotelespires.com.br_270.pdf"
"271";"https://site.sorriso.mt.gov.br/";"Página inicial";"5.9";"Concluída";"amaweb_site.sorriso.mt.gov.br_271.json";"amaweb_site.sorriso.mt.gov.br_271.pdf"
"272";"https://sorriso.mt.leg.br/";"Câmara Municipal de Sorriso - MT";"7.5";"Concluída";"amaweb_sorriso.mt.leg.br_272.json";"amaweb_sorriso.mt.leg.br_272.pdf"
"273";"https://saofelixdoaraguaia.mt.gov.br/";"";"";"Falha AMAWeb";"";""
"274";"https://camarasaofelixdoaraguaia.mt.gov.br/";"Página Inicial - Câmara Municipal de São Félix do Araguaia | Gestão 2025-2026";"8.2";"Concluída";"amaweb_camarasaofelixdoaraguaia.mt.gov.br_274.json";"amaweb_camarasaofelixdoaraguaia.mt.gov.br_274.pdf"
"275";"https://www.saojosedopovo.mt.gov.br/";"Prefeitura de São José do Povo";"8.3";"Concluída";"amaweb_www.saojosedopovo.mt.gov.br_275.json";"amaweb_www.saojosedopovo.mt.gov.br_275.pdf"
"276";"https://www.saojosedopovo.mt.leg.br/";"Página Inicial — Câmara Municipal de São José do Povo";"7.5";"Concluída";"amaweb_www.saojosedopovo.mt.leg.br_276.json";"amaweb_www.saojosedopovo.mt.leg.br_276.pdf"
"277";"https://www.saojosedorioclaro.mt.gov.br/home";"Prefeitura Municipal de São José do Rio Claro";"6.5";"Concluída";"amaweb_www.saojosedorioclaro.mt.gov.br_277.json";"amaweb_www.saojosedorioclaro.mt.gov.br_277.pdf"
"278";"https://saojosedorioclaro.mt.leg.br/";"";"";"Falha AMAWeb";"";""
"279";"https://www.saojosedoxingu.mt.gov.br/";"Página Principal - Prefeitura de São José do Xingu";"7.4";"Concluída";"amaweb_www.saojosedoxingu.mt.gov.br_279.json";"amaweb_www.saojosedoxingu.mt.gov.br_279.pdf"
"280";"https://www.camarasaojosedoxingu.mt.gov.br/";"";"";"Falha AMAWeb";"";""
"281";"https://www.nascentesdopantanal.org.br";"";"";"Falha AMAWeb";"";""
"282";"https://saojosedosquatromarcos.mt.gov.br/";"Prefeitura Municipal de São José dos Quatro Marcos";"7.4";"Concluída";"amaweb_saojosedosquatromarcos.mt.gov.br_282.json";"amaweb_saojosedosquatromarcos.mt.gov.br_282.pdf"
"283";"https://www.saojosedosquatromarcos.mt.leg.br/";"Página Inicial - Câmara Municipal de São José do Quatro Marcos - MT";"8.5";"Concluída";"amaweb_www.saojosedosquatromarcos.mt.leg.br_283.json";"amaweb_www.saojosedosquatromarcos.mt.leg.br_283.pdf"
"284";"https://www.saopedrodacipa.mt.gov.br/";"Prefeitura Municipal de São Pedro da Cipa";"8.5";"Concluída";"amaweb_www.saopedrodacipa.mt.gov.br_284.json";"amaweb_www.saopedrodacipa.mt.gov.br_284.pdf"
"285";"https://www.camarasaopedrodacipa.mt.gov.br/";"";"";"Falha AMAWeb";"";""
"286";"https://www.tabapora.mt.gov.br/home";"Prefeitura Municipal de Tabaporã";"6.4";"Concluída";"amaweb_www.tabapora.mt.gov.br_286.json";"amaweb_www.tabapora.mt.gov.br_286.pdf"
"287";"https://tabapora.mt.leg.br/transparencia/undefined/74";"Câmara Municipal de Tabaporã";"8.6";"Concluída";"amaweb_tabapora.mt.leg.br_287.json";"amaweb_tabapora.mt.leg.br_287.pdf"
"288";"https://www.cismnorte.com.br/#/home";"Consórcio Intermunicipal de Saúde Da Região Médio Norte Matogrossense";"6.7";"Concluída";"amaweb_www.cismnorte.com.br_288.json";"amaweb_www.cismnorte.com.br_288.pdf"
"289";"https://tangaradaserra.mt.gov.br/";"Tangará da Serra";"8.0";"Concluída";"amaweb_tangaradaserra.mt.gov.br_289.json";"amaweb_tangaradaserra.mt.gov.br_289.pdf"
"290";"https://www.tangaradaserra.mt.leg.br/";"";"";"Falha AMAWeb";"";""
"291";"https://www.tapurah.mt.gov.br/home";"Prefeitura Municipal de Tapurah";"7.9";"Concluída";"amaweb_www.tapurah.mt.gov.br_291.json";"amaweb_www.tapurah.mt.gov.br_291.pdf"
"292";"https://www.tapurah.mt.leg.br/";"Página Inicial — Câmara Municipal de Tapurah";"7.5";"Concluída";"amaweb_www.tapurah.mt.leg.br_292.json";"amaweb_www.tapurah.mt.leg.br_292.pdf"
"293";"https://www.terranovadonorte.mt.gov.br/";"Página Inicial - Prefeitura de Terra Nova do Norte - MT";"8.4";"Concluída";"amaweb_www.terranovadonorte.mt.gov.br_293.json";"amaweb_www.terranovadonorte.mt.gov.br_293.pdf"
"294";"https://www.terranovadonorte.mt.leg.br/";"Página Inicial — Câmara Municipal de Terra Nova do Norte - MT";"7.8";"Concluída";"amaweb_www.terranovadonorte.mt.leg.br_294.json";"amaweb_www.terranovadonorte.mt.leg.br_294.pdf"
"295";"https://www.tesouro.mt.gov.br/";"";"";"Falha AMAWeb";"";""
"296";"https://tesouro.mt.leg.br/";"Access denied | tesouro.mt.leg.br used Cloudflare to restrict access | tesouro.mt.leg.br | Cloudflare";"9.6";"Concluída";"amaweb_tesouro.mt.leg.br_296.json";"amaweb_tesouro.mt.leg.br_296.pdf"
"297";"https://www.torixoreu.mt.gov.br/";"Página Principal - Prefeitura de Torixoréu - MT";"7.6";"Concluída";"amaweb_www.torixoreu.mt.gov.br_297.json";"amaweb_www.torixoreu.mt.gov.br_297.pdf"
"298";"https://torixoreu.mt.leg.br/";"";"";"Falha AMAWeb";"";""
"299";"https://www.uniaodosul.mt.gov.br/";"Página Principal - Prefeitura Municipal - União do Sul - MT";"9.0";"Concluída";"amaweb_www.uniaodosul.mt.gov.br_299.json";"amaweb_www.uniaodosul.mt.gov.br_299.pdf"
"300";"https://www.uniaodosul.mt.leg.br/";"";"";"Falha AMAWeb";"";""
"301";"https://valedesaodomingos.mt.gov.br";"";"";"Falha AMAWeb";"";""
"302";"https://valedesaodomingos.mt.leg.br/";"Access denied | valedesaodomingos.mt.leg.br used Cloudflare to restrict access | valedesaodomingos.mt.leg.br | Cloudflare";"9.6";"Concluída";"amaweb_valedesaodomingos.mt.leg.br_302.json";"amaweb_valedesaodomingos.mt.leg.br_302.pdf"
"303";"https://www.vera.mt.gov.br/";"Página Inicial - Prefeitura de Vera - MT";"7.5";"Concluída";"amaweb_www.vera.mt.gov.br_303.json";"amaweb_www.vera.mt.gov.br_303.pdf"
"304";"https://www.vera.mt.leg.br/";"Página Inicial — CÂMARA MUNICIPAL DE VERA";"7.8";"Concluída";"amaweb_www.vera.mt.leg.br_304.json";"amaweb_www.vera.mt.leg.br_304.pdf"
"305";"https://www.vilabeladasantissimatrindade.mt.gov.br/";"Página Inicial - Prefeitura de Vila Bela da Santíssima Trindade - MT";"8.3";"Concluída";"amaweb_www.vilabeladasantissimatrindade.mt.gov.br_305.json";"amaweb_www.vilabeladasantissimatrindade.mt.gov.br_305.pdf"
"306";"https://www.camaravilabela.mt.gov.br/";"";"";"Falha AMAWeb";"";""
"307";"https://www.vilarica.mt.gov.br/";"Página Inicial - Prefeitura Municipal de Vila Rica - MT";"8.7";"Concluída";"amaweb_www.vilarica.mt.gov.br_307.json";"amaweb_www.vilarica.mt.gov.br_307.pdf"
"308";"https://camaravilarica.mt.gov.br/parlamentar/";"Parlamentares – Câmara Municipal de Vila Rica";"8.6";"Concluída";"amaweb_camaravilarica.mt.gov.br_308.json";"amaweb_camaravilarica.mt.gov.br_308.pdf"
"309";"https://www.varzeagrande.mt.gov.br/";"Prefeitura Municipal de Várzea Grande - Página Inicial";"7.7";"Concluída";"amaweb_www.varzeagrande.mt.gov.br_309.json";"amaweb_www.varzeagrande.mt.gov.br_309.pdf"
"310";"https://camaradevarzeagrande.com.br/";"";"";"Falha AMAWeb";"";""
"311";"https://www.cismasaude.com.br/";"";"";"Falha AMAWeb";"";""
"312";"https://www.aguaboa.mt.gov.br/";"Access denied | www.aguaboa.mt.gov.br used Cloudflare to restrict access | www.aguaboa.mt.gov.br | Cloudflare";"9.6";"Concluída";"amaweb_www.aguaboa.mt.gov.br_312.json";"amaweb_www.aguaboa.mt.gov.br_312.pdf"
"313";"https://aguaboa.mt.leg.br/";"Câmara Municipal de Água Boa - MT";"7.9";"Concluída";"amaweb_aguaboa.mt.leg.br_313.json";"amaweb_aguaboa.mt.leg.br_313.pdf"
